{"Haniif": [{"BioData": {"Hobi": ["Membaca", "Menyanyi", "Memasak"], "Prestasi": "Sand Box Hackathon 1st Winner - Samsan Tech"}}], "Dedi": [{"BioData": {"Hobi": ["Bermain Game", "Menggambar", "Melukis"], "Prestasi": "Sand Box Hackathon 1st Winner - Samsan Tech"}}], "Beatrix": [{"BioData": {"Hobi": ["Membaca", "Menyanyi", "Memasak"], "Prestasi": "Sand Box Hackathon 1st Winner - Samsan Tech"}}], "Shalommita": [{"BioData": {"Hobi": ["Bermain Game", "Menggambar", "Melukis"], "Prestasi": "Sand Box Hackathon 1st Winner - Samsan Tech"}}], "rr": "biodata", "hobi": [1], "prestasi": "aa", "dd": "biodata", "aa": "biodata"}